<recipes>


<recipe title = "Chamomile Tea" description = "Calming tea" yieldAmount = "1" yieldType = "cup(s)" value="2">
<ingredient itemName = "Water" amount = "1" amountType = "cup(s)" value=".0015" description="filtered">
</ingredient>
<ingredient itemName = "Chamomile" amount = "1" amountType = "tsp(s)" value=".0875" description="Matricaria recutita, dried">
</ingredient>
</recipe>



<recipe title = "Sleeping Potion" description = "Relaxing and calming" yieldAmount = "1" yieldType = "cup(s)" value="5">
<ingredient itemName = "Chamomile Tea" amount = "1" amountType = "cup(s)" value="2" description="Calming tea">
</ingredient>
<ingredient itemName = "Ashwagandha" amount = ".5" amountType = "tsp(s)" value=".37375" description="Withania somnifera, extract">
</ingredient>
<ingredient itemName = " Dried Lavender" amount = ".5" amountType = "tsp(s)" value="16.25" description="Lavandula angustifolia, dried">
</ingredient>
<ingredient itemName = "Lemon Balm" amount = ".5" amountType = "tsp(s)" value=".436875" description="Melissa officinalis, dried">
</ingredient>
</recipe>




</recipes>